"MethodCategory","Type","AvgCompressionRatio","MedianCompressionRatio","AvgCompressionTime","AvgCompressionGainPercent","Count"
"Bez linearizace","Beletrie",1.33270801466231,1.23935085533024,2311.11111111111,-32.1658243149823,45
"Bez linearizace","Právní dokumenty",1.497450643332,1.51544324107501,10.1522842639594,-49.7389511389936,197
"Bez linearizace","Technická dokumentace",1.43371122098229,1.46861538461538,11.0497237569061,-43.3691631542729,181
"Bez linearizace","Výzkumné články",1.42314653364727,1.47319130301065,0,-42.3081972318015,18
"S linearizací","Beletrie",1.12743113768773,1.11316422902569,5238.09523809524,-11.9010333477927,42
"S linearizací","Právní dokumenty",1.43687741610945,1.35387342725232,30,-43.6819079604696,200
"S linearizací","Technická dokumentace",1.32101669428227,1.27490421455939,68.7830687830688,-32.0999643327417,189
"S linearizací","Výzkumné články",1.36323264199062,1.33440008735736,0,-36.3172256753975,18
