"OptimizationCategory","Type","AvgCompressionRatio","MedianCompressionRatio","AvgCompressionTime","AvgCompressionGainPercent","Count"
"Optimalizovaná","Beletrie",1.0800545245939,1.06587319726123,5238.09523809524,-7.19854155964492,42
"Optimalizovaná","Právní dokumenty",1.3312276455586,1.31766753733799,30,-33.1171499661324,200
"Optimalizovaná","Technická dokumentace",1.23634020155772,1.208,68.7830687830687,-23.6324211020984,189
"Optimalizovaná","Výzkumné články",1.2756855546978,1.25576399844525,0,-27.5628785755405,18
"Základní","Beletrie",1.37692618688321,1.37306937049205,2311.11111111111,-36.5548166505869,45
"Základní","Právní dokumenty",1.60470929363743,1.56965688300951,10.1522842639594,-60.4645937728385,197
"Základní","Technická dokumentace",1.52213032112008,1.52814569536424,11.049723756906,-52.2109624393092,181
"Základní","Výzkumné články",1.5106936209401,1.4866389504945,0,-51.0625443316584,18
